Week,Day,Date,Time,Winner/tie,,Loser/tie,,PtsW,PtsL,YdsW,TOW,YdsL,TOL,year
1,Thu,September 10,8:20PM,Kansas City Chiefs,,Houston Texans,boxscore,34,20,369,0,360,1,2020
1,Sun,September 13,1:00PM,Seattle Seahawks,@,Atlanta Falcons,boxscore,38,25,383,0,506,2,2020
1,Sun,September 13,1:00PM,Washington Football Team,,Philadelphia Eagles,boxscore,27,17,239,0,265,3,2020
1,Sun,September 13,1:00PM,Buffalo Bills,,New York Jets,boxscore,27,17,404,2,254,2,2020
1,Sun,September 13,1:00PM,New England Patriots,,Miami Dolphins,boxscore,21,11,357,1,269,3,2020
1,Sun,September 13,1:00PM,Baltimore Ravens,,Cleveland Browns,boxscore,38,6,377,1,306,3,2020
1,Sun,September 13,1:00PM,Las Vegas Raiders,@,Carolina Panthers,boxscore,34,30,372,0,388,0,2020
1,Sun,September 13,1:00PM,Jacksonville Jaguars,,Indianapolis Colts,boxscore,27,20,241,0,445,2,2020
1,Sun,September 13,1:00PM,Green Bay Packers,@,Minnesota Vikings,boxscore,43,34,522,0,382,1,2020
1,Sun,September 13,1:00PM,Chicago Bears,@,Detroit Lions,boxscore,27,23,363,0,426,1,2020
1,Sun,September 13,4:05PM,Los Angeles Chargers,@,Cincinnati Bengals,boxscore,16,13,362,0,295,2,2020
1,Sun,September 13,4:25PM,Arizona Cardinals,@,San Francisco 49ers,boxscore,24,20,404,1,366,0,2020
1,Sun,September 13,4:25PM,New Orleans Saints,,Tampa Bay Buccaneers,boxscore,34,23,271,0,310,3,2020
1,Sun,September 13,8:20PM,Los Angeles Rams,,Dallas Cowboys,boxscore,20,17,422,1,380,0,2020
1,Mon,September 14,7:15PM,Pittsburgh Steelers,@,New York Giants,boxscore,26,16,349,1,291,2,2020
1,Mon,September 14,10:10PM,Tennessee Titans,@,Denver Broncos,boxscore,16,14,377,0,323,1,2020
Week,Day,Date,Time,Visitor,,Home,,PtsW,PtsL,YdsW,TOW,YdsL,TOL,2020
2,Thu,September 17,8:20PM,Cincinnati Bengals,@,Cleveland Browns,preview,,,,,,,2020
2,Sun,September 20,1:00PM,Atlanta Falcons,@,Dallas Cowboys,preview,,,,,,,2020
2,Sun,September 20,1:00PM,Carolina Panthers,@,Tampa Bay Buccaneers,preview,,,,,,,2020
2,Sun,September 20,1:00PM,New York Giants,@,Chicago Bears,preview,,,,,,,2020
2,Sun,September 20,1:00PM,Los Angeles Rams,@,Philadelphia Eagles,preview,,,,,,,2020
2,Sun,September 20,1:00PM,Detroit Lions,@,Green Bay Packers,preview,,,,,,,2020
2,Sun,September 20,1:00PM,Jacksonville Jaguars,@,Tennessee Titans,preview,,,,,,,2020
2,Sun,September 20,1:00PM,Buffalo Bills,@,Miami Dolphins,preview,,,,,,,2020
2,Sun,September 20,1:00PM,Minnesota Vikings,@,Indianapolis Colts,preview,,,,,,,2020
2,Sun,September 20,1:00PM,Denver Broncos,@,Pittsburgh Steelers,preview,,,,,,,2020
2,Sun,September 20,1:00PM,San Francisco 49ers,@,New York Jets,preview,,,,,,,2020
2,Sun,September 20,4:05PM,Washington Football Team,@,Arizona Cardinals,preview,,,,,,,2020
2,Sun,September 20,4:25PM,Baltimore Ravens,@,Houston Texans,preview,,,,,,,2020
2,Sun,September 20,4:25PM,Kansas City Chiefs,@,Los Angeles Chargers,preview,,,,,,,2020
2,Sun,September 20,8:20PM,New England Patriots,@,Seattle Seahawks,preview,,,,,,,2020
2,Mon,September 21,8:15PM,New Orleans Saints,@,Las Vegas Raiders,preview,,,,,,,2020
Week,Day,Date,Time,Visitor,,Home,,PtsW,PtsL,YdsW,TOW,YdsL,TOL,2020
3,Thu,September 24,8:20PM,Miami Dolphins,@,Jacksonville Jaguars,preview,,,,,,,2020
3,Sun,September 27,1:00PM,Houston Texans,@,Pittsburgh Steelers,preview,,,,,,,2020
3,Sun,September 27,1:00PM,San Francisco 49ers,@,New York Giants,preview,,,,,,,2020
3,Sun,September 27,1:00PM,Cincinnati Bengals,@,Philadelphia Eagles,preview,,,,,,,2020
3,Sun,September 27,1:00PM,Los Angeles Rams,@,Buffalo Bills,preview,,,,,,,2020
3,Sun,September 27,1:00PM,Chicago Bears,@,Atlanta Falcons,preview,,,,,,,2020
3,Sun,September 27,1:00PM,Washington Football Team,@,Cleveland Browns,preview,,,,,,,2020
3,Sun,September 27,1:00PM,Las Vegas Raiders,@,New England Patriots,preview,,,,,,,2020
3,Sun,September 27,1:00PM,Tennessee Titans,@,Minnesota Vikings,preview,,,,,,,2020
3,Sun,September 27,4:05PM,Carolina Panthers,@,Los Angeles Chargers,preview,,,,,,,2020
3,Sun,September 27,4:05PM,New York Jets,@,Indianapolis Colts,preview,,,,,,,2020
3,Sun,September 27,4:25PM,Tampa Bay Buccaneers,@,Denver Broncos,preview,,,,,,,2020
3,Sun,September 27,4:25PM,Dallas Cowboys,@,Seattle Seahawks,preview,,,,,,,2020
3,Sun,September 27,4:25PM,Detroit Lions,@,Arizona Cardinals,preview,,,,,,,2020
3,Sun,September 27,8:20PM,Green Bay Packers,@,New Orleans Saints,preview,,,,,,,2020
3,Mon,September 28,8:15PM,Kansas City Chiefs,@,Baltimore Ravens,preview,,,,,,,2020
Week,Day,Date,Time,Visitor,,Home,,PtsW,PtsL,YdsW,TOW,YdsL,TOL,2020
4,Thu,October 1,8:20PM,Denver Broncos,@,New York Jets,preview,,,,,,,2020
4,Sun,October 4,1:00PM,Arizona Cardinals,@,Carolina Panthers,preview,,,,,,,2020
4,Sun,October 4,1:00PM,Los Angeles Chargers,@,Tampa Bay Buccaneers,preview,,,,,,,2020
4,Sun,October 4,1:00PM,New Orleans Saints,@,Detroit Lions,preview,,,,,,,2020
4,Sun,October 4,1:00PM,Cleveland Browns,@,Dallas Cowboys,preview,,,,,,,2020
4,Sun,October 4,1:00PM,Jacksonville Jaguars,@,Cincinnati Bengals,preview,,,,,,,2020
4,Sun,October 4,1:00PM,Seattle Seahawks,@,Miami Dolphins,preview,,,,,,,2020
4,Sun,October 4,1:00PM,Pittsburgh Steelers,@,Tennessee Titans,preview,,,,,,,2020
4,Sun,October 4,1:00PM,Indianapolis Colts,@,Chicago Bears,preview,,,,,,,2020
4,Sun,October 4,1:00PM,Minnesota Vikings,@,Houston Texans,preview,,,,,,,2020
4,Sun,October 4,1:00PM,Baltimore Ravens,@,Washington Football Team,preview,,,,,,,2020
4,Sun,October 4,4:05PM,New York Giants,@,Los Angeles Rams,preview,,,,,,,2020
4,Sun,October 4,4:25PM,Buffalo Bills,@,Las Vegas Raiders,preview,,,,,,,2020
4,Sun,October 4,4:25PM,New England Patriots,@,Kansas City Chiefs,preview,,,,,,,2020
4,Sun,October 4,8:20PM,Philadelphia Eagles,@,San Francisco 49ers,preview,,,,,,,2020
4,Mon,October 5,8:15PM,Atlanta Falcons,@,Green Bay Packers,preview,,,,,,,2020
Week,Day,Date,Time,Visitor,,Home,,PtsW,PtsL,YdsW,TOW,YdsL,TOL,2020
5,Thu,October 8,8:20PM,Tampa Bay Buccaneers,@,Chicago Bears,preview,,,,,,,2020
5,Sun,October 11,1:00PM,Buffalo Bills,@,Tennessee Titans,preview,,,,,,,2020
5,Sun,October 11,1:00PM,Las Vegas Raiders,@,Kansas City Chiefs,preview,,,,,,,2020
5,Sun,October 11,1:00PM,Denver Broncos,@,New England Patriots,preview,,,,,,,2020
5,Sun,October 11,1:00PM,Arizona Cardinals,@,New York Jets,preview,,,,,,,2020
5,Sun,October 11,1:00PM,Cincinnati Bengals,@,Baltimore Ravens,preview,,,,,,,2020
5,Sun,October 11,1:00PM,Philadelphia Eagles,@,Pittsburgh Steelers,preview,,,,,,,2020
5,Sun,October 11,1:00PM,Carolina Panthers,@,Atlanta Falcons,preview,,,,,,,2020
5,Sun,October 11,1:00PM,Los Angeles Rams,@,Washington Football Team,preview,,,,,,,2020
5,Sun,October 11,1:00PM,Jacksonville Jaguars,@,Houston Texans,preview,,,,,,,2020
5,Sun,October 11,4:05PM,Miami Dolphins,@,San Francisco 49ers,preview,,,,,,,2020
5,Sun,October 11,4:25PM,New York Giants,@,Dallas Cowboys,preview,,,,,,,2020
5,Sun,October 11,4:25PM,Indianapolis Colts,@,Cleveland Browns,preview,,,,,,,2020
5,Sun,October 11,8:20PM,Minnesota Vikings,@,Seattle Seahawks,preview,,,,,,,2020
5,Mon,October 12,8:15PM,Los Angeles Chargers,@,New Orleans Saints,preview,,,,,,,2020
Week,Day,Date,Time,Visitor,,Home,,PtsW,PtsL,YdsW,TOW,YdsL,TOL,2020
6,Thu,October 15,8:20PM,Kansas City Chiefs,@,Buffalo Bills,preview,,,,,,,2020
6,Sun,October 18,1:00PM,Washington Football Team,@,New York Giants,preview,,,,,,,2020
6,Sun,October 18,1:00PM,Baltimore Ravens,@,Philadelphia Eagles,preview,,,,,,,2020
6,Sun,October 18,1:00PM,Houston Texans,@,Tennessee Titans,preview,,,,,,,2020
6,Sun,October 18,1:00PM,Atlanta Falcons,@,Minnesota Vikings,preview,,,,,,,2020
6,Sun,October 18,1:00PM,Cincinnati Bengals,@,Indianapolis Colts,preview,,,,,,,2020
6,Sun,October 18,1:00PM,Detroit Lions,@,Jacksonville Jaguars,preview,,,,,,,2020
6,Sun,October 18,1:00PM,Cleveland Browns,@,Pittsburgh Steelers,preview,,,,,,,2020
6,Sun,October 18,1:00PM,Chicago Bears,@,Carolina Panthers,preview,,,,,,,2020
6,Sun,October 18,4:05PM,Miami Dolphins,@,Denver Broncos,preview,,,,,,,2020
6,Sun,October 18,4:05PM,New York Jets,@,Los Angeles Chargers,preview,,,,,,,2020
6,Sun,October 18,4:25PM,Green Bay Packers,@,Tampa Bay Buccaneers,preview,,,,,,,2020
6,Sun,October 18,8:20PM,Los Angeles Rams,@,San Francisco 49ers,preview,,,,,,,2020
6,Mon,October 19,8:15PM,Arizona Cardinals,@,Dallas Cowboys,preview,,,,,,,2020
Week,Day,Date,Time,Visitor,,Home,,PtsW,PtsL,YdsW,TOW,YdsL,TOL,2020
7,Thu,October 22,8:20PM,New York Giants,@,Philadelphia Eagles,preview,,,,,,,2020
7,Sun,October 25,1:00PM,Green Bay Packers,@,Houston Texans,preview,,,,,,,2020
7,Sun,October 25,1:00PM,Buffalo Bills,@,New York Jets,preview,,,,,,,2020
7,Sun,October 25,1:00PM,Los Angeles Chargers,@,Miami Dolphins,preview,,,,,,,2020
7,Sun,October 25,1:00PM,Dallas Cowboys,@,Washington Football Team,preview,,,,,,,2020
7,Sun,October 25,1:00PM,Carolina Panthers,@,New Orleans Saints,preview,,,,,,,2020
7,Sun,October 25,1:00PM,Pittsburgh Steelers,@,Baltimore Ravens,preview,,,,,,,2020
7,Sun,October 25,1:00PM,Detroit Lions,@,Atlanta Falcons,preview,,,,,,,2020
7,Sun,October 25,1:00PM,Cleveland Browns,@,Cincinnati Bengals,preview,,,,,,,2020
7,Sun,October 25,4:05PM,Seattle Seahawks,@,Arizona Cardinals,preview,,,,,,,2020
7,Sun,October 25,4:25PM,San Francisco 49ers,@,New England Patriots,preview,,,,,,,2020
7,Sun,October 25,4:25PM,Kansas City Chiefs,@,Denver Broncos,preview,,,,,,,2020
7,Sun,October 25,8:20PM,Tampa Bay Buccaneers,@,Las Vegas Raiders,preview,,,,,,,2020
7,Mon,October 26,8:15PM,Chicago Bears,@,Los Angeles Rams,preview,,,,,,,2020
Week,Day,Date,Time,Visitor,,Home,,PtsW,PtsL,YdsW,TOW,YdsL,TOL,2020
8,Thu,October 29,8:20PM,Atlanta Falcons,@,Carolina Panthers,preview,,,,,,,2020
8,Sun,November 1,1:00PM,New England Patriots,@,Buffalo Bills,preview,,,,,,,2020
8,Sun,November 1,1:00PM,New York Jets,@,Kansas City Chiefs,preview,,,,,,,2020
8,Sun,November 1,1:00PM,Indianapolis Colts,@,Detroit Lions,preview,,,,,,,2020
8,Sun,November 1,1:00PM,Tennessee Titans,@,Cincinnati Bengals,preview,,,,,,,2020
8,Sun,November 1,1:00PM,Minnesota Vikings,@,Green Bay Packers,preview,,,,,,,2020
8,Sun,November 1,1:00PM,Las Vegas Raiders,@,Cleveland Browns,preview,,,,,,,2020
8,Sun,November 1,1:00PM,Los Angeles Rams,@,Miami Dolphins,preview,,,,,,,2020
8,Sun,November 1,4:05PM,Jacksonville Jaguars,@,Los Angeles Chargers,preview,,,,,,,2020
8,Sun,November 1,4:25PM,San Francisco 49ers,@,Seattle Seahawks,preview,,,,,,,2020
8,Sun,November 1,4:25PM,New Orleans Saints,@,Chicago Bears,preview,,,,,,,2020
8,Sun,November 1,8:20PM,Dallas Cowboys,@,Philadelphia Eagles,preview,,,,,,,2020
8,Mon,November 2,8:15PM,Tampa Bay Buccaneers,@,New York Giants,preview,,,,,,,2020
Week,Day,Date,Time,Visitor,,Home,,PtsW,PtsL,YdsW,TOW,YdsL,TOL,2020
9,Thu,November 5,8:20PM,Green Bay Packers,@,San Francisco 49ers,preview,,,,,,,2020
9,Sun,November 8,1:00PM,Chicago Bears,@,Tennessee Titans,preview,,,,,,,2020
9,Sun,November 8,1:00PM,Baltimore Ravens,@,Indianapolis Colts,preview,,,,,,,2020
9,Sun,November 8,1:00PM,Denver Broncos,@,Atlanta Falcons,preview,,,,,,,2020
9,Sun,November 8,1:00PM,Houston Texans,@,Jacksonville Jaguars,preview,,,,,,,2020
9,Sun,November 8,1:00PM,Carolina Panthers,@,Kansas City Chiefs,preview,,,,,,,2020
9,Sun,November 8,1:00PM,Seattle Seahawks,@,Buffalo Bills,preview,,,,,,,2020
9,Sun,November 8,1:00PM,New York Giants,@,Washington Football Team,preview,,,,,,,2020
9,Sun,November 8,1:00PM,Detroit Lions,@,Minnesota Vikings,preview,,,,,,,2020
9,Sun,November 8,4:05PM,Las Vegas Raiders,@,Los Angeles Chargers,preview,,,,,,,2020
9,Sun,November 8,4:25PM,Miami Dolphins,@,Arizona Cardinals,preview,,,,,,,2020
9,Sun,November 8,4:25PM,Pittsburgh Steelers,@,Dallas Cowboys,preview,,,,,,,2020
9,Sun,November 8,8:20PM,New Orleans Saints,@,Tampa Bay Buccaneers,preview,,,,,,,2020
9,Mon,November 9,8:15PM,New England Patriots,@,New York Jets,preview,,,,,,,2020
Week,Day,Date,Time,Visitor,,Home,,PtsW,PtsL,YdsW,TOW,YdsL,TOL,2020
10,Thu,November 12,8:20PM,Indianapolis Colts,@,Tennessee Titans,preview,,,,,,,2020
10,Sun,November 15,1:00PM,Jacksonville Jaguars,@,Green Bay Packers,preview,,,,,,,2020
10,Sun,November 15,1:00PM,Tampa Bay Buccaneers,@,Carolina Panthers,preview,,,,,,,2020
10,Sun,November 15,1:00PM,Washington Football Team,@,Detroit Lions,preview,,,,,,,2020
10,Sun,November 15,1:00PM,Houston Texans,@,Cleveland Browns,preview,,,,,,,2020
10,Sun,November 15,1:00PM,Philadelphia Eagles,@,New York Giants,preview,,,,,,,2020
10,Sun,November 15,1:00PM,Cincinnati Bengals,@,Pittsburgh Steelers,preview,,,,,,,2020
10,Sun,November 15,4:05PM,New York Jets,@,Miami Dolphins,preview,,,,,,,2020
10,Sun,November 15,4:05PM,Buffalo Bills,@,Arizona Cardinals,preview,,,,,,,2020
10,Sun,November 15,4:05PM,Denver Broncos,@,Las Vegas Raiders,preview,,,,,,,2020
10,Sun,November 15,4:25PM,Seattle Seahawks,@,Los Angeles Rams,preview,,,,,,,2020
10,Sun,November 15,4:25PM,San Francisco 49ers,@,New Orleans Saints,preview,,,,,,,2020
10,Sun,November 15,8:20PM,Baltimore Ravens,@,New England Patriots,preview,,,,,,,2020
10,Mon,November 16,8:15PM,Minnesota Vikings,@,Chicago Bears,preview,,,,,,,2020
Week,Day,Date,Time,Visitor,,Home,,PtsW,PtsL,YdsW,TOW,YdsL,TOL,2020
11,Thu,November 19,8:20PM,Arizona Cardinals,@,Seattle Seahawks,preview,,,,,,,2020
11,Sun,November 22,1:00PM,Pittsburgh Steelers,@,Jacksonville Jaguars,preview,,,,,,,2020
11,Sun,November 22,1:00PM,Detroit Lions,@,Carolina Panthers,preview,,,,,,,2020
11,Sun,November 22,1:00PM,Tennessee Titans,@,Baltimore Ravens,preview,,,,,,,2020
11,Sun,November 22,1:00PM,New England Patriots,@,Houston Texans,preview,,,,,,,2020
11,Sun,November 22,1:00PM,Green Bay Packers,@,Indianapolis Colts,preview,,,,,,,2020
11,Sun,November 22,1:00PM,Philadelphia Eagles,@,Cleveland Browns,preview,,,,,,,2020
11,Sun,November 22,1:00PM,Atlanta Falcons,@,New Orleans Saints,preview,,,,,,,2020
11,Sun,November 22,1:00PM,Cincinnati Bengals,@,Washington Football Team,preview,,,,,,,2020
11,Sun,November 22,4:05PM,Los Angeles Chargers,@,Denver Broncos,preview,,,,,,,2020
11,Sun,November 22,4:25PM,Dallas Cowboys,@,Minnesota Vikings,preview,,,,,,,2020
11,Sun,November 22,8:20PM,Kansas City Chiefs,@,Las Vegas Raiders,preview,,,,,,,2020
11,Mon,November 23,8:15PM,Los Angeles Rams,@,Tampa Bay Buccaneers,preview,,,,,,,2020
Week,Day,Date,Time,Visitor,,Home,,PtsW,PtsL,YdsW,TOW,YdsL,TOL,2020
12,Thu,November 26,12:30PM,Houston Texans,@,Detroit Lions,preview,,,,,,,2020
12,Thu,November 26,4:30PM,Washington Football Team,@,Dallas Cowboys,preview,,,,,,,2020
12,Thu,November 26,8:20PM,Baltimore Ravens,@,Pittsburgh Steelers,preview,,,,,,,2020
12,Sun,November 29,1:00PM,Cleveland Browns,@,Jacksonville Jaguars,preview,,,,,,,2020
12,Sun,November 29,1:00PM,Carolina Panthers,@,Minnesota Vikings,preview,,,,,,,2020
12,Sun,November 29,1:00PM,Miami Dolphins,@,New York Jets,preview,,,,,,,2020
12,Sun,November 29,1:00PM,New York Giants,@,Cincinnati Bengals,preview,,,,,,,2020
12,Sun,November 29,1:00PM,Tennessee Titans,@,Indianapolis Colts,preview,,,,,,,2020
12,Sun,November 29,1:00PM,Las Vegas Raiders,@,Atlanta Falcons,preview,,,,,,,2020
12,Sun,November 29,1:00PM,Arizona Cardinals,@,New England Patriots,preview,,,,,,,2020
12,Sun,November 29,1:00PM,Los Angeles Chargers,@,Buffalo Bills,preview,,,,,,,2020
12,Sun,November 29,4:05PM,San Francisco 49ers,@,Los Angeles Rams,preview,,,,,,,2020
12,Sun,November 29,4:05PM,New Orleans Saints,@,Denver Broncos,preview,,,,,,,2020
12,Sun,November 29,4:25PM,Kansas City Chiefs,@,Tampa Bay Buccaneers,preview,,,,,,,2020
12,Sun,November 29,8:20PM,Chicago Bears,@,Green Bay Packers,preview,,,,,,,2020
12,Mon,November 30,8:15PM,Seattle Seahawks,@,Philadelphia Eagles,preview,,,,,,,2020
Week,Day,Date,Time,Visitor,,Home,,PtsW,PtsL,YdsW,TOW,YdsL,TOL,2020
13,Thu,December 3,8:20PM,Dallas Cowboys,@,Baltimore Ravens,preview,,,,,,,2020
13,Sun,December 6,1:00PM,Cincinnati Bengals,@,Miami Dolphins,preview,,,,,,,2020
13,Sun,December 6,1:00PM,New Orleans Saints,@,Atlanta Falcons,preview,,,,,,,2020
13,Sun,December 6,1:00PM,Cleveland Browns,@,Tennessee Titans,preview,,,,,,,2020
13,Sun,December 6,1:00PM,Jacksonville Jaguars,@,Minnesota Vikings,preview,,,,,,,2020
13,Sun,December 6,1:00PM,Detroit Lions,@,Chicago Bears,preview,,,,,,,2020
13,Sun,December 6,1:00PM,Indianapolis Colts,@,Houston Texans,preview,,,,,,,2020
13,Sun,December 6,1:00PM,Washington Football Team,@,Pittsburgh Steelers,preview,,,,,,,2020
13,Sun,December 6,1:00PM,Las Vegas Raiders,@,New York Jets,preview,,,,,,,2020
13,Sun,December 6,4:05PM,New York Giants,@,Seattle Seahawks,preview,,,,,,,2020
13,Sun,December 6,4:05PM,Los Angeles Rams,@,Arizona Cardinals,preview,,,,,,,2020
13,Sun,December 6,4:25PM,Philadelphia Eagles,@,Green Bay Packers,preview,,,,,,,2020
13,Sun,December 6,4:25PM,New England Patriots,@,Los Angeles Chargers,preview,,,,,,,2020
13,Sun,December 6,8:20PM,Denver Broncos,@,Kansas City Chiefs,preview,,,,,,,2020
13,Mon,December 7,8:15PM,Buffalo Bills,@,San Francisco 49ers,preview,,,,,,,2020
Week,Day,Date,Time,Visitor,,Home,,PtsW,PtsL,YdsW,TOW,YdsL,TOL,2020
14,Thu,December 10,8:20PM,New England Patriots,@,Los Angeles Rams,preview,,,,,,,2020
14,Sun,December 13,1:00PM,Arizona Cardinals,@,New York Giants,preview,,,,,,,2020
14,Sun,December 13,1:00PM,Dallas Cowboys,@,Cincinnati Bengals,preview,,,,,,,2020
14,Sun,December 13,1:00PM,Minnesota Vikings,@,Tampa Bay Buccaneers,preview,,,,,,,2020
14,Sun,December 13,1:00PM,Green Bay Packers,@,Detroit Lions,preview,,,,,,,2020
14,Sun,December 13,1:00PM,Tennessee Titans,@,Jacksonville Jaguars,preview,,,,,,,2020
14,Sun,December 13,1:00PM,Denver Broncos,@,Carolina Panthers,preview,,,,,,,2020
14,Sun,December 13,1:00PM,Houston Texans,@,Chicago Bears,preview,,,,,,,2020
14,Sun,December 13,1:00PM,Kansas City Chiefs,@,Miami Dolphins,preview,,,,,,,2020
14,Sun,December 13,4:05PM,New York Jets,@,Seattle Seahawks,preview,,,,,,,2020
14,Sun,December 13,4:05PM,Indianapolis Colts,@,Las Vegas Raiders,preview,,,,,,,2020
14,Sun,December 13,4:25PM,Atlanta Falcons,@,Los Angeles Chargers,preview,,,,,,,2020
14,Sun,December 13,4:25PM,New Orleans Saints,@,Philadelphia Eagles,preview,,,,,,,2020
14,Sun,December 13,4:25PM,Washington Football Team,@,San Francisco 49ers,preview,,,,,,,2020
14,Sun,December 13,8:20PM,Pittsburgh Steelers,@,Buffalo Bills,preview,,,,,,,2020
14,Mon,December 14,8:15PM,Baltimore Ravens,@,Cleveland Browns,preview,,,,,,,2020
Week,Day,Date,Time,Visitor,,Home,,PtsW,PtsL,YdsW,TOW,YdsL,TOL,2020
15,Thu,December 17,8:20PM,Los Angeles Chargers,@,Las Vegas Raiders,preview,,,,,,,2020
15,Sun,December 20,1:00PM,Houston Texans,@,Indianapolis Colts,preview,,,,,,,2020
15,Sun,December 20,1:00PM,Carolina Panthers,@,Green Bay Packers,preview,,,,,,,2020
15,Sun,December 20,1:00PM,Tampa Bay Buccaneers,@,Atlanta Falcons,preview,,,,,,,2020
15,Sun,December 20,1:00PM,Cleveland Browns,@,New York Giants,preview,,,,,,,2020
15,Sun,December 20,1:00PM,Jacksonville Jaguars,@,Baltimore Ravens,preview,,,,,,,2020
15,Sun,December 20,1:00PM,Seattle Seahawks,@,Washington Football Team,preview,,,,,,,2020
15,Sun,December 20,1:00PM,Detroit Lions,@,Tennessee Titans,preview,,,,,,,2020
15,Sun,December 20,1:00PM,Chicago Bears,@,Minnesota Vikings,preview,,,,,,,2020
15,Sun,December 20,1:00PM,New York Jets,@,Los Angeles Rams,preview,,,,,,,2020
15,Sun,December 20,1:00PM,Buffalo Bills,@,Denver Broncos,preview,,,,,,,2020
15,Sun,December 20,1:00PM,New England Patriots,@,Miami Dolphins,preview,,,,,,,2020
15,Sun,December 20,4:05PM,Philadelphia Eagles,@,Arizona Cardinals,preview,,,,,,,2020
15,Sun,December 20,4:25PM,Kansas City Chiefs,@,New Orleans Saints,preview,,,,,,,2020
15,Sun,December 20,8:20PM,San Francisco 49ers,@,Dallas Cowboys,preview,,,,,,,2020
15,Mon,December 21,8:15PM,Pittsburgh Steelers,@,Cincinnati Bengals,preview,,,,,,,2020
Week,Day,Date,Time,Visitor,,Home,,PtsW,PtsL,YdsW,TOW,YdsL,TOL,2020
16,Fri,December 25,4:30PM,Minnesota Vikings,@,New Orleans Saints,preview,,,,,,,2020
16,Sun,December 27,1:00AM,San Francisco 49ers,@,Arizona Cardinals,preview,,,,,,,2020
16,Sun,December 27,1:00PM,Denver Broncos,@,Los Angeles Chargers,preview,,,,,,,2020
16,Sun,December 27,1:00PM,Atlanta Falcons,@,Kansas City Chiefs,preview,,,,,,,2020
16,Sun,December 27,1:00PM,Miami Dolphins,@,Las Vegas Raiders,preview,,,,,,,2020
16,Sun,December 27,1:00PM,Cincinnati Bengals,@,Houston Texans,preview,,,,,,,2020
16,Sun,December 27,1:00PM,Carolina Panthers,@,Washington Football Team,preview,,,,,,,2020
16,Sun,December 27,1:00PM,Tampa Bay Buccaneers,@,Detroit Lions,preview,,,,,,,2020
16,Sun,December 27,1:00PM,New York Giants,@,Baltimore Ravens,preview,,,,,,,2020
16,Sun,December 27,1:00PM,Cleveland Browns,@,New York Jets,preview,,,,,,,2020
16,Sun,December 27,1:00PM,Chicago Bears,@,Jacksonville Jaguars,preview,,,,,,,2020
16,Sun,December 27,1:00PM,Indianapolis Colts,@,Pittsburgh Steelers,preview,,,,,,,2020
16,Sun,December 27,4:05PM,Los Angeles Rams,@,Seattle Seahawks,preview,,,,,,,2020
16,Sun,December 27,4:25PM,Philadelphia Eagles,@,Dallas Cowboys,preview,,,,,,,2020
16,Sun,December 27,8:20PM,Tennessee Titans,@,Green Bay Packers,preview,,,,,,,2020
16,Mon,December 28,8:15PM,Buffalo Bills,@,New England Patriots,preview,,,,,,,2020
Week,Day,Date,Time,Visitor,,Home,,PtsW,PtsL,YdsW,TOW,YdsL,TOL,2020
17,Sun,January 3,1:00PM,Baltimore Ravens,@,Cincinnati Bengals,preview,,,,,,,2020
17,Sun,January 3,1:00PM,Tennessee Titans,@,Houston Texans,preview,,,,,,,2020
17,Sun,January 3,1:00PM,Los Angeles Chargers,@,Kansas City Chiefs,preview,,,,,,,2020
17,Sun,January 3,1:00PM,Atlanta Falcons,@,Tampa Bay Buccaneers,preview,,,,,,,2020
17,Sun,January 3,1:00PM,Miami Dolphins,@,Buffalo Bills,preview,,,,,,,2020
17,Sun,January 3,1:00PM,New Orleans Saints,@,Carolina Panthers,preview,,,,,,,2020
17,Sun,January 3,1:00PM,Dallas Cowboys,@,New York Giants,preview,,,,,,,2020
17,Sun,January 3,1:00PM,Jacksonville Jaguars,@,Indianapolis Colts,preview,,,,,,,2020
17,Sun,January 3,1:00PM,Pittsburgh Steelers,@,Cleveland Browns,preview,,,,,,,2020
17,Sun,January 3,1:00PM,New York Jets,@,New England Patriots,preview,,,,,,,2020
17,Sun,January 3,1:00PM,Green Bay Packers,@,Chicago Bears,preview,,,,,,,2020
17,Sun,January 3,1:00PM,Minnesota Vikings,@,Detroit Lions,preview,,,,,,,2020
17,Sun,January 3,1:00PM,Washington Football Team,@,Philadelphia Eagles,preview,,,,,,,2020
17,Sun,January 3,4:25PM,Las Vegas Raiders,@,Denver Broncos,preview,,,,,,,2020
17,Sun,January 3,4:25PM,Arizona Cardinals,@,Los Angeles Rams,preview,,,,,,,2020
17,Sun,January 3,4:25PM,Seattle Seahawks,@,San Francisco 49ers,preview,,,,,,,2020
